Altium Designer Pick and Place Locations
H:\Vanity Projects\C-to-MicroOTG\X1\Project Outputs for C-to-MicroOTG.X1\Pick Place for CtoMicroOTG.X1.csv

========================================================================================================================
File Design Information:

Date:       02/01/24
Time:       12:44
Revision:   Not in VersionControl
Variant:    No variations
Units used: mil

"Designator","Comment","Layer","Footprint","Center-X(mil)","Center-Y(mil)","Rotation","Description"
"R1","Generic Resistor","TopLayer","0603","393.000","370.500","270",""
"J2","SMD MicroUSB-Male","TopLayer","ZX80-B-5SA(30)","198.008","518.094","270","USB 2.0 1 5P Male -30?~+85? Micro-B SMD USB Connector"
"J1","3A 1 Brick nogging USB-C male","TopLayer","USB-309GD","890.836","518.000","180","3A 1 Brick nogging 24P male -20?~+60? Type-C SMD USB Connector"
